{
  "elapsed_seconds": 1226.823408126831,
  "final_portfolio_value": 2507117.2900000024,
  "total_trades_all": 395,
  "total_trades_year": 395,
  "metrics": {
    "total_return": 1.5019031487048808,
    "annual_return": 1.5883395755077498,
    "sharpe": 4.205553427047129,
    "max_drawdown": -0.16373523095187384,
    "volatility": 0.3705432834322393
  },
  "suspected_unused_runtime_modules": []
}